PC,%
1.0,70.54728396142593
2.0,22.0424731650709
3.0,4.790060289312942
